{
    "name": "Lab Table Env",
    "is_background": true,
    "collect_robo_data": true,
    "collect_vision_data": true,
    "enable_gpu_dynamics": true,
    "invert_collision_group_filter": false,
    "env_offsets": [
        [0.0, 0.0, 0.0]
    ],
    "background": {
        "background_url": "omniverse://localhost/Projects/ETRI/Env/LabTable/Lab_Room.usd",
        "background_trans": [0, -3.5, 0.02],
        "_comment" : "짐벌락이 발생하는 경우가 있음! 그래서 쿼터니언을 받으며 순서는 w, x, y, z이다.",
        "background_orient": [0.5, 0.5, -0.5, -0.5],
        "background_scale": 0.015,
        "collision_approximation": "meshSimplification"
    },
    "lights": [
        {
            "light_type": "sphere",
            "min_trans": [0.0, -3.0, 3.0],
            "max_trans": [0.0, -3.0, 3.0],
            "min_rotation": [0, 0, 0],
            "max_rotation": [0, 0, 0],
            "min_scale": [0.2, 0.2, 0.2],
            "max_scale": [0.2, 0.2, 0.2],
            "min_color": [1, 1, 1],
            "max_color": [1, 1, 1],
            "min_intensity": 10000,
            "max_intensity": 10000,
            "min_temperature": 6500,
            "max_temperature": 6500
        },
        {
            "light_type": "sphere",
            "min_trans": [0.0, -2.0, 3.0],
            "max_trans": [0.0, -2.0, 3.0],
            "min_rotation": [0, 0, 0],
            "max_rotation": [0, 0, 0],
            "min_scale": [0.2, 0.2, 0.2],
            "max_scale": [0.2, 0.2, 0.2],
            "min_color": [1, 1, 1],
            "max_color": [1, 1, 1],
            "min_intensity": 10000,
            "max_intensity": 10000,
            "min_temperature": 6500,
            "max_temperature": 6500
        },
        {
            "light_type": "sphere",
            "min_trans": [0.0, -1.0, 3.0],
            "max_trans": [0.0, -1.0, 3.0],
            "min_rotation": [0, 0, 0],
            "max_rotation": [0, 0, 0],
            "min_scale": [0.2, 0.2, 0.2],
            "max_scale": [0.2, 0.2, 0.2],
            "min_color": [1, 1, 1],
            "max_color": [1, 1, 1],
            "min_intensity": 10000,
            "max_intensity": 10000,
            "min_temperature": 6500,
            "max_temperature": 6500
        },
        {
            "light_type": "sphere",
            "min_trans": [0.0, 1.5, 3.0],
            "max_trans": [0.0, 1.5, 3.0],
            "min_rotation": [0, 0, 0],
            "max_rotation": [0, 0, 0],
            "min_scale": [0.2, 0.2, 0.2],
            "max_scale": [0.2, 0.2, 0.2],
            "min_color": [1, 1, 1],
            "max_color": [1, 1, 1],
            "min_intensity": 10000,
            "max_intensity": 10000,
            "min_temperature": 6500,
            "max_temperature": 6500
        },
        {
            "light_type": "sphere",
            "min_trans": [0.0, 1.0, 3.0],
            "max_trans": [0.0, 1.0, 3.0],
            "min_rotation": [0, 0, 0],
            "max_rotation": [0, 0, 0],
            "min_scale": [0.2, 0.2, 0.2],
            "max_scale": [0.2, 0.2, 0.2],
            "min_color": [1, 1, 1],
            "max_color": [1, 1, 1],
            "min_intensity": 10000,
            "max_intensity": 10000,
            "min_temperature": 6500,
            "max_temperature": 6500
        },
        {
            "light_type": "sphere",
            "min_trans": [0.0, 2.0, 3.0],
            "max_trans": [0.0, 2.0, 3.0],
            "min_rotation": [0, 0, 0],
            "max_rotation": [0, 0, 0],
            "min_scale": [0.2, 0.2, 0.2],
            "max_scale": [0.2, 0.2, 0.2],
            "min_color": [1, 1, 1],
            "max_color": [1, 1, 1],
            "min_intensity": 10000,
            "max_intensity": 10000,
            "min_temperature": 6500,
            "max_temperature": 6500
        }
    ],
    "background_objects": [
        {
            "name": "ETRI_Space_Table_Gray_1",
            "semantic_name": "table",
            "object_url": "omniverse://localhost/Projects/ETRI/Env/LabTable/ETRI_Space_Table_Gray.usd",
            "min_trans": [2.7, -1.5, 0.0],
            "max_trans": [2.7, -1.5, 0.0],
            "min_rotation": [0.0, 0.0, 180.0],
            "max_rotation": [0.0, 0.0, 180.0],
            "min_scale": 1.0,
            "max_scale": 1.0,
            "mdl_material": null,
            "is_rigid_body": false,
            "is_collision": false
        },
        {
            "name": "ETRI_Space_Table_Gray_2",
            "semantic_name": "table",
            "object_url": "omniverse://localhost/Projects/ETRI/Env/LabTable/ETRI_Space_Table_Gray.usd",
            "min_trans": [2.7, -0.7, 0.0],
            "max_trans": [2.7, -0.7, 0.0],
            "min_rotation": [0.0, 0.0, 180.0],
            "max_rotation": [0.0, 0.0, 180.0],
            "min_scale": 1.0,
            "max_scale": 1.0,
            "mdl_material": null,
            "is_rigid_body": false,
            "is_collision": false
        },
        {
            "name": "ETRI_Space_Table_Gray_3",
            "semantic_name": "table",
            "object_url": "omniverse://localhost/Projects/ETRI/Env/LabTable/ETRI_Space_Table_Gray.usd",
            "min_trans": [2.7, 0.1, 0.0],
            "max_trans": [2.7, 0.1, 0.0],
            "min_rotation": [0.0, 0.0, 180.0],
            "max_rotation": [0.0, 0.0, 180.0],
            "min_scale": 1.0,
            "max_scale": 1.0,
            "mdl_material": null,
            "is_rigid_body": false,
            "is_collision": false
        },
        {
            "name": "ETRI_Space_Table_Gray_4",
            "semantic_name": "table",
            "object_url": "omniverse://localhost/Projects/ETRI/Env/LabTable/ETRI_Space_Table_Gray.usd",
            "min_trans": [2.7, 0.9, 0.0],
            "max_trans": [2.7, 0.9, 0.0],
            "min_rotation": [0.0, 0.0, 180.0],
            "max_rotation": [0.0, 0.0, 180.0],
            "min_scale": 1.0,
            "max_scale": 1.0,
            "mdl_material": null,
            "is_rigid_body": false,
            "is_collision": false
        },
        {
            "name": "Left_UR5_2F85_1",
            "semantic_name": "ur5_2f85",
            "object_url": "omniverse://localhost/Projects/ETRI/Manipulator/UR5/ur5_2f85_visual.usd",
            "min_trans": [3.2, 0.5, 0.85],
            "max_trans": [3.2, 0.5, 0.85],
            "min_rotation": [0.0, 0.0, 180.0],
            "max_rotation": [0.0, 0.0, 180.0],
            "min_scale": 1.0,
            "max_scale": 1.0,
            "mdl_material": null,
            "is_rigid_body": false,
            "is_collision": false
        },
        {
            "name": "Left_UR5_2F85_2",
            "semantic_name": "ur5_2f85",
            "object_url": "omniverse://localhost/Projects/ETRI/Manipulator/UR5/ur5_2f85_visual.usd",
            "min_trans": [3.2, -0.3, 0.85],
            "max_trans": [3.2, -0.3, 0.85],
            "min_rotation": [0.0, 0.0, 180.0],
            "max_rotation": [0.0, 0.0, 180.0],
            "min_scale": 1.0,
            "max_scale": 1.0,
            "mdl_material": null,
            "is_rigid_body": false,
            "is_collision": false
        },
        {
            "name": "Left_UR5_2F85_3",
            "semantic_name": "ur5_2f85",
            "object_url": "omniverse://localhost/Projects/ETRI/Manipulator/UR5/ur5_2f85_visual.usd",
            "min_trans": [3.2, -1.1, 0.85],
            "max_trans": [3.2, -1.1, 0.85],
            "min_rotation": [0.0, 0.0, 180.0],
            "max_rotation": [0.0, 0.0, 180.0],
            "min_scale": 1.0,
            "max_scale": 1.0,
            "mdl_material": null,
            "is_rigid_body": false,
            "is_collision": false
        },
        {
            "name": "Left_UR5_2F85_4",
            "semantic_name": "ur5_2f85",
            "object_url": "omniverse://localhost/Projects/ETRI/Manipulator/UR5/ur5_2f85_visual.usd",
            "min_trans": [3.2, -1.9, 0.85],
            "max_trans": [3.2, -1.9, 0.85],
            "min_rotation": [0.0, 0.0, 180.0],
            "max_rotation": [0.0, 0.0, 180.0],
            "min_scale": 1.0,
            "max_scale": 1.0,
            "mdl_material": null,
            "is_rigid_body": false,
            "is_collision": false
        },
        {
            "name": "Right_ZEUS_2F85",
            "semantic_name": "zeus_2f85",
            "object_url": "omniverse://localhost/Projects/ETRI/Manipulator/Zeus/zeus_2f85_visual.usd",
            "min_trans": [-0.2, -1.8, 0.85],
            "max_trans": [-0.2, -1.8, 0.85],
            "min_rotation": [0.0, 0.0, 0.0],
            "max_rotation": [0.0, 0.0, 0.0],
            "min_scale": 1.0,
            "max_scale": 1.0,
            "mdl_material": null,
            "is_rigid_body": false,
            "is_collision": false
        },
        {
            "name": "Right_UR5_2F85",
            "semantic_name": "zeus_2f85",
            "object_url": "omniverse://localhost/Projects/ETRI/Manipulator/UR5/ur5_2f85_visual.usd",
            "min_trans": [-0.2, -1.1, 0.85],
            "max_trans": [-0.2, -1.1, 0.85],
            "min_rotation": [0.0, 0.0, 0.0],
            "max_rotation": [0.0, 0.0, 0.0],
            "min_scale": 1.0,
            "max_scale": 1.0,
            "mdl_material": null,
            "is_rigid_body": false,
            "is_collision": false
        },
        {
            "name": "Right_Franka_Normal",
            "semantic_name": "franka_normal",
            "object_url": "omniverse://localhost/Projects/ETRI/Manipulator/Franka/franka_visual.usd",
            "min_trans": [-0.2, -0.2, 0.85],
            "max_trans": [-0.2, -0.2, 0.85],
            "min_rotation": [0.0, 0.0, 0.0],
            "max_rotation": [0.0, 0.0, 0.0],
            "min_scale": 1.0,
            "max_scale": 1.0,
            "mdl_material": null,
            "is_rigid_body": false,
            "is_collision": false
        }
    ],
    "interactive_objects": [
        {
            "name": "ETRI_Space_Profile_1",
            "semantic_name": "profile",
            "object_url": "omniverse://localhost/Projects/ETRI/Env/LabTable/ETRI_Space_Profile_1.usd",
            "min_trans": [0.0, 1.5, 0.81],
            "max_trans": [0.0, 1.5, 0.81],
            "min_rotation": [0.0, 0.0, 0.0],
            "max_rotation": [0.0, 0.0, 0.0],
            "min_scale": 1.0,
            "max_scale": 1.0,
            "physics": {
                "is_rigid_body": false,
                "is_collision": true,
                "is_kinematic": false,
                "collision_type": "meshSimplification",
                "mass_modify": false,
                "friction_modify": false
            }
        },
        {
            "name": "ETRI_Space_Profile_2",
            "semantic_name": "profile",
            "object_url": "omniverse://localhost/Projects/ETRI/Env/LabTable/ETRI_Space_Profile_2.usd",
            "min_trans": [0.0, 1.5, 0.81],
            "max_trans": [0.0, 1.5, 0.81],
            "min_rotation": [0.0, 0.0, 0.0],
            "max_rotation": [0.0, 0.0, 0.0],
            "min_scale": 1.0,
            "max_scale": 1.0,
            "physics": {
                "is_rigid_body": false,
                "is_collision": true,
                "is_kinematic": false,
                "collision_type": "meshSimplification",
                "mass_modify": false,
                "friction_modify": false
            }
        },
        {
            "name": "ETRI_Space_Profile_3",
            "semantic_name": "profile",
            "object_url": "omniverse://localhost/Projects/ETRI/Env/LabTable/ETRI_Space_Profile_3.usd",
            "min_trans": [0.0, 1.5, 0.81],
            "max_trans": [0.0, 1.5, 0.81],
            "min_rotation": [0.0, 0.0, 0.0],
            "max_rotation": [0.0, 0.0, 0.0],
            "min_scale": 1.0,
            "max_scale": 1.0,
            "physics": {
                "is_rigid_body": false,
                "is_collision": true,
                "is_kinematic": false,
                "collision_type": "meshSimplification",
                "mass_modify": false,
                "friction_modify": false
            }
        },
        {
            "name": "ETRI_Space_Profile_4",
            "semantic_name": "profile",
            "object_url": "omniverse://localhost/Projects/ETRI/Env/LabTable/ETRI_Space_Profile_4.usd",
            "min_trans": [0.0, 1.5, 0.81],
            "max_trans": [0.0, 1.5, 0.81],
            "min_rotation": [0.0, 0.0, 0.0],
            "max_rotation": [0.0, 0.0, 0.0],
            "min_scale": 1.0,
            "max_scale": 1.0,
            "physics": {
                "is_rigid_body": false,
                "is_collision": true,
                "is_kinematic": false,
                "collision_type": "meshSimplification",
                "mass_modify": false,
                "friction_modify": false
            }
        },
        {
            "name": "ETRI_Space_Profile_5",
            "semantic_name": "profile",
            "object_url": "omniverse://localhost/Projects/ETRI/Env/LabTable/ETRI_Space_Profile_5.usd",
            "min_trans": [0.0, 1.5, 0.81],
            "max_trans": [0.0, 1.5, 0.81],
            "min_rotation": [0.0, 0.0, 0.0],
            "max_rotation": [0.0, 0.0, 0.0],
            "min_scale": 1.0,
            "max_scale": 1.0,
            "physics": {
                "is_rigid_body": false,
                "is_collision": true,
                "is_kinematic": false,
                "collision_type": "meshSimplification",
                "mass_modify": false,
                "friction_modify": false
            }
        },
        {
            "name": "ETRI_Space_Table_1",
            "semantic_name": "profile",
            "object_url": "omniverse://localhost/Projects/ETRI/Env/LabTable/ETRI_Space_Table_1.usd",
            "min_trans": [0.0, 1.5, 0.81],
            "max_trans": [0.0, 1.5, 0.81],
            "min_rotation": [0.0, 0.0, 0.0],
            "max_rotation": [0.0, 0.0, 0.0],
            "min_scale": 1.0,
            "max_scale": 1.0,
            "physics": {
                "is_rigid_body": true,
                "is_collision": true,
                "is_kinematic": true,
                "collision_type": "meshSimplification",
                "mass_modify": false,
                "friction_modify": false
            }
        },
        {
            "name": "ETRI_Space_Table_2",
            "semantic_name": "profile",
            "object_url": "omniverse://localhost/Projects/ETRI/Env/LabTable/ETRI_Space_Table_2.usd",
            "min_trans": [0.0, 1.5, 0.81],
            "max_trans": [0.0, 1.5, 0.81],
            "min_rotation": [0.0, 0.0, 0.0],
            "max_rotation": [0.0, 0.0, 0.0],
            "min_scale": 1.0,
            "max_scale": 1.0,
            "physics": {
                "is_rigid_body": true,
                "is_collision": true,
                "is_kinematic": true,
                "collision_type": "meshSimplification",
                "mass_modify": false,
                "friction_modify": false
            }
        },
        {
            "name": "ETRI_Space_Table_3",
            "semantic_name": "profile",
            "object_url": "omniverse://localhost/Projects/ETRI/Env/LabTable/ETRI_Space_Table_3.usd",
            "min_trans": [0.0, 1.5, 0.81],
            "max_trans": [0.0, 1.5, 0.81],
            "min_rotation": [0.0, 0.0, 0.0],
            "max_rotation": [0.0, 0.0, 0.0],
            "min_scale": 1.0,
            "max_scale": 1.0,
            "physics": {
                "is_rigid_body": true,
                "is_collision": true,
                "is_kinematic": true,
                "collision_type": "meshSimplification",
                "mass_modify": false,
                "friction_modify": false
            }
        },
        {
            "name": "ETRI_Space_Table_4",
            "semantic_name": "table",
            "object_url": "omniverse://localhost/Projects/ETRI/Env/LabTable/ETRI_Space_Table_4.usd",
            "min_trans": [0.0, 1.5, 0.81],
            "max_trans": [0.0, 1.5, 0.81],
            "min_rotation": [0.0, 0.0, 0.0],
            "max_rotation": [0.0, 0.0, 0.0],
            "min_scale": 1.0,
            "max_scale": 1.0,
            "physics": {
                "is_rigid_body": true,
                "is_collision": true,
                "is_kinematic": true,
                "collision_type": "meshSimplification",
                "mass_modify": false,
                "friction_modify": false
            }
        },
        {
            "name": "ETRI_Space_Table_5",
            "semantic_name": "table",
            "object_url": "omniverse://localhost/Projects/ETRI/Env/LabTable/ETRI_Space_Table_5.usd",
            "min_trans": [0.0, 1.5, 0.81],
            "max_trans": [0.0, 1.5, 0.81],
            "min_rotation": [0.0, 0.0, 0.0],
            "max_rotation": [0.0, 0.0, 0.0],
            "min_scale": 1.0,
            "max_scale": 1.0,
            "physics": {
                "is_rigid_body": true,
                "is_collision": true,
                "is_kinematic": true,
                "collision_type": "meshSimplification",
                "mass_modify": false,
                "friction_modify": false
            }
        },
        {
            "name": "ETRI_Space_Table_6",
            "semantic_name": "table",
            "object_url": "omniverse://localhost/Projects/ETRI/Env/LabTable/ETRI_Space_Table_6.usd",
            "min_trans": [0.0, 1.5, 0.81],
            "max_trans": [0.0, 1.5, 0.81],
            "min_rotation": [0.0, 0.0, 0.0],
            "max_rotation": [0.0, 0.0, 0.0],
            "min_scale": 1.0,
            "max_scale": 1.0,
            "physics": {
                "is_rigid_body": true,
                "is_collision": true,
                "is_kinematic": true,
                "collision_type": "meshSimplification",
                "mass_modify": false,
                "friction_modify": false
            }
        },
        {
            "name": "ETRI_Space_Table_7",
            "semantic_name": "table",
            "object_url": "omniverse://localhost/Projects/ETRI/Env/LabTable/ETRI_Space_Table_7.usd",
            "min_trans": [0.0, 1.5, 0.81],
            "max_trans": [0.0, 1.5, 0.81],
            "min_rotation": [0.0, 0.0, 0.0],
            "max_rotation": [0.0, 0.0, 0.0],
            "min_scale": 1.0,
            "max_scale": 1.0,
            "physics": {
                "is_rigid_body": true,
                "is_collision": true,
                "is_kinematic": true,
                "collision_type": "meshSimplification",
                "mass_modify": false,
                "friction_modify": false
            }
        },
        {
            "name": "Zivid_Two",
            "semantic_name": "zivid_two",
            "object_url": "omniverse://localhost/Projects/ETRI/Sensor/ZividTwo_Calib.usd",
            "min_trans": [-0.2, 1.85, 1.6],
            "max_trans": [-0.2, 1.85, 1.6],
            "min_rotation": [180.0, 0.0, 90.0],
            "max_rotation": [180.0, 0.0, 90.0],
            "min_scale": 0.001,
            "max_scale": 0.001,
            "physics": {
                "is_rigid_body": true,
                "is_collision": true,
                "is_kinematic": true,
                "collision_type": "meshSimplification",
                "mass_modify": false,
                "friction_modify": false
            }
        },
        {
            "name": "Glass_Cup_1",
            "semantic_name": "glass_cup",
            "object_url": "omniverse://localhost/Projects/ETRI/Glass/Glass_cup.usdz",
            "min_trans": [-0.15, 1.1, 0.9],
            "max_trans": [-0.15, 1.1, 0.9],
            "min_rotation": [90.0, 0.0, 0.0],
            "max_rotation": [90.0, 0.0, 0.0],
            "min_scale": 0.002,
            "max_scale": 0.002,
            "physics": {
                "is_rigid_body": true,
                "is_collision": true,
                "is_kinematic": false,
                "collision_type": "none",
                "mass_modify": false,
                "friction_modify": false
            },
            "material": {
                "material_type": "omniglass",
                "min_color": [1.0, 1.0, 1.0],
                "max_color": [1.0, 1.0, 1.0],
                "min_depth": 0.1,
                "max_depth": 1.0,
                "min_ior": 1.0,
                "max_ior": 4.0
            }
        },
        {
            "name": "Glass_Cup_2",
            "semantic_name": "glass_cup",
            "object_url": "omniverse://localhost/Projects/ETRI/Glass/Glass_cup.usdz",
            "min_trans": [-0.15, 0.9, 0.9],
            "max_trans": [-0.15, 0.9, 0.9],
            "min_rotation": [90.0, 0.0, 0.0],
            "max_rotation": [90.0, 0.0, 0.0],
            "min_scale": 0.002,
            "max_scale": 0.002,
            "physics": {
                "is_rigid_body": true,
                "is_collision": true,
                "is_kinematic": false,
                "collision_type": "none",
                "mass_modify": false,
                "friction_modify": false
            },
            "material": {
                "material_type": "omniglass",
                "min_color": [1.0, 1.0, 1.0],
                "max_color": [1.0, 1.0, 1.0],
                "min_depth": 0.1,
                "max_depth": 1.0,
                "min_ior": 1.0,
                "max_ior": 4.0
            }
        }
    ],
    "robot": {
        "robot_type": "franka",
        "gripper_type": "normal",
        "_comment": ["none", "d455", "d455_upper", "l515", "l515_upper"],
        "sensor_type": "l515",
        "min_trans": [-0.45, 1.4, 0.84],
        "max_trans": [-0.45, 1.4, 0.84],
        "min_rotation": [0.0, 0.0, 0.0],
        "max_rotation": [0.0, 0.0, 0.0],
        "finger_names": [
            "panda_leftfinger/geometry/panda_leftfinger", 
            "panda_rightfinger/geometry/panda_rightfinger"
        ],
        "min_finger_static_friction": 0.9,
        "max_finger_static_friction": 0.9,
        "min_finger_dynamic_friction": 0.9,
        "max_finger_dynamic_friction": 0.9
    },
    "cameras": [
        {
            "name": "front_camera",
            "position": [1.3, 1.3, 1.5],
            "orientation": [0.5, 0.5, 0.5, 0.5],
            "focal_length": 1.0
        }
    ],
    "task": {
        "task_type": "multi_pick_and_place",
        "events_dt": [0.01, 0.007, 0.2, 0.2, 0.01, 0.002, 0.002, 0.05, 0.008, 0.01],
        "end_effector_initial_height": 1.3,
        "end_effector_offset": [0.0, 0.0, 0.0],
        "picking_object_names": [
            "Glass_Cup_1",
            "Glass_Cup_2"
        ],
        "object_offset": [0.0, 0.0, 0.01],
        "picking_offset": [0.0, 0.0, 0.08],
        "picking_orientation": [0.7071068, 0, 0.7071068, 0],
        "placing_positions": [
            [-0.1, 1.8, 0.89],
            [-0.1, 1.7, 0.89]
        ],
        "placing_offset": [0.0, 0.0, 0.08],
        "placing_orientation": [0.7071068, 0, 0.7071068, 0]
    },
    "vision_data": {
        "out_dir": "/home/kimsooyoung/Documents/Demo_DATA",
        "capture_hz": 2.0,
        "data_type": {
            "rgb": true,
            "bounding_box_2d_tight": false,
            "bounding_box_2d_loose": false,
            "semantic_segmentation": true,
            "instance_id_segmentation": true,
            "instance_segmentation": true,
            "bounding_box_3d": true,
            "distance_to_camera": true,
            "pointcloud": false
        },
        "robot_camera": {
            "prim_path": "panda_hand/realsense_l515/camera_color_frame/l515_color",
            "resolution" : [640, 480],
            "name": "ee_camera"
        },
        "background_cameras": [
            {
                "prim_path": "Zivid_Two/zivid_camera_calib",
                "resolution" : [640, 480],
                "name": "top_camera"
            },
            {
                "prim_path": "front_camera",
                "resolution" : [640, 480],
                "name": "front_camera"
            }
        ]
    },
    "robo_data": {
        "out_dir": "/home/kimsooyoung/Documents/Demo_DATA",
        "capture_hz": 30.0
    }
}