des_time,des_pos,des_vel,des_tau,meas_time,meas_pos,meas_vel,meas_tau
0.000000000000000000e+00,0.000000000000000000e+00,0.000000000000000000e+00,3.929078109642862859e+00,0.000000000000000000e+00,0.000000000000000000e+00,0.000000000000000000e+00,0.000000000000000000e+00
2.286145330982067292e-02,2.203193844659460422e-03,1.761168331202619397e-01,3.787645778840041277e+00,0.000000000000000000e+00,0.000000000000000000e+00,0.000000000000000000e+00,0.000000000000000000e+00
4.572290661964134584e-02,8.449061518722541381e-03,3.349976943699590759e-01,3.646213448037219695e+00,0.000000000000000000e+00,0.000000000000000000e+00,0.000000000000000000e+00,0.000000000000000000e+00
6.858435992946201876e-02,1.819203223231628808e-02,4.753740191908841783e-01,3.504781117234398113e+00,0.000000000000000000e+00,0.000000000000000000e+00,0.000000000000000000e+00,0.000000000000000000e+00
9.144581323928269168e-02,3.088653519556774918e-02,5.959772430248300168e-01,3.363348786431576531e+00,0.000000000000000000e+00,0.000000000000000000e+00,0.000000000000000000e+00,0.000000000000000000e+00
1.143072665491033646e-01,4.598699961860396729e-02,6.955388013135893610e-01,3.221916455628754505e+00,0.000000000000000000e+00,0.000000000000000000e+00,0.000000000000000000e+00,0.000000000000000000e+00
1.371687198589240375e-01,6.294785471155200929e-02,7.727901294989548697e-01,3.080484124825932923e+00,0.000000000000000000e+00,0.000000000000000000e+00,0.000000000000000000e+00,0.000000000000000000e+00
1.600301731687447104e-01,8.122352968453891431e-02,8.264626630227195347e-01,2.939051794023111341e+00,0.000000000000000000e+00,0.000000000000000000e+00,0.000000000000000000e+00,0.000000000000000000e+00
1.828916264785653834e-01,1.002684537476917076e-01,8.552878373266759038e-01,2.797619463220289759e+00,0.000000000000000000e+00,0.000000000000000000e+00,0.000000000000000000e+00,0.000000000000000000e+00
2.057530797883860563e-01,1.195370561111374491e-01,8.579970878526168576e-01,2.656187132417468177e+00,0.000000000000000000e+00,0.000000000000000000e+00,0.000000000000000000e+00,0.000000000000000000e+00
2.286145330982067292e-01,1.384837659850031710e-01,8.333218500423353881e-01,2.514754801614646595e+00,0.000000000000000000e+00,0.000000000000000000e+00,0.000000000000000000e+00,0.000000000000000000e+00
2.514759864080273744e-01,1.565630125794160166e-01,7.799935593376237097e-01,2.373322470811825013e+00,0.000000000000000000e+00,0.000000000000000000e+00,0.000000000000000000e+00,0.000000000000000000e+00
2.743374397178480750e-01,1.732292251045029208e-01,6.967436511802748145e-01,2.231890140009003431e+00,0.000000000000000000e+00,0.000000000000000000e+00,0.000000000000000000e+00,0.000000000000000000e+00
2.971988930276687757e-01,1.876406948477813419e-01,5.813968123128717691e-01,1.920177493552895909e+00,0.000000000000000000e+00,0.000000000000000000e+00,0.000000000000000000e+00,0.000000000000000000e+00
3.200603463374894209e-01,1.979712234163034101e-01,4.309716697589787704e-01,1.469144588843390942e+00,0.000000000000000000e+00,0.000000000000000000e+00,0.000000000000000000e+00,0.000000000000000000e+00
3.429217996473100660e-01,2.039184295437098671e-01,2.502733088661927008e-01,1.018111684133886197e+00,0.000000000000000000e+00,0.000000000000000000e+00,0.000000000000000000e+00,0.000000000000000000e+00
3.657832529571307667e-01,2.053935917153442148e-01,4.494715935193158846e-02,5.670787794243801194e-01,0.000000000000000000e+00,0.000000000000000000e+00,0.000000000000000000e+00,0.000000000000000000e+00
3.886447062669514674e-01,2.023079884165498721e-01,-1.793613490663857335e-01,1.160458747148740422e-01,0.000000000000000000e+00,0.000000000000000000e+00,0.000000000000000000e+00,0.000000000000000000e+00
4.115061595767721125e-01,1.945728981326703688e-01,-4.170067866713402793e-01,-3.349870299946307028e-01,0.000000000000000000e+00,0.000000000000000000e+00,0.000000000000000000e+00,0.000000000000000000e+00
4.343676128865927577e-01,1.820995993490492904e-01,-6.623437237455138682e-01,-7.860199347041354478e-01,0.000000000000000000e+00,0.000000000000000000e+00,0.000000000000000000e+00,0.000000000000000000e+00
4.572290661964134584e-01,1.647993705510299167e-01,-9.097267305714887842e-01,-1.237052839413641525e+00,0.000000000000000000e+00,0.000000000000000000e+00,0.000000000000000000e+00,0.000000000000000000e+00
4.800905195062341591e-01,1.425834902239558610e-01,-1.153510377431846257e+00,-1.688085744123147602e+00,0.000000000000000000e+00,0.000000000000000000e+00,0.000000000000000000e+00,0.000000000000000000e+00
5.029519728160547487e-01,1.153632368531707364e-01,-1.388049234609165961e+00,-2.139118648832651015e+00,0.000000000000000000e+00,0.000000000000000000e+00,0.000000000000000000e+00,0.000000000000000000e+00
5.258134261258754494e-01,8.304988892401782286e-02,-1.607697872386033122e+00,-2.590151553542157092e+00,0.000000000000000000e+00,0.000000000000000000e+00,0.000000000000000000e+00,0.000000000000000000e+00
5.486748794356961501e-01,4.555472492184065025e-02,-1.806810861045025973e+00,-3.041184458251663170e+00,0.000000000000000000e+00,0.000000000000000000e+00,0.000000000000000000e+00,0.000000000000000000e+00
5.715363327455168507e-01,2.806373639780827735e-03,-1.979477362763319759e+00,-3.414555687690945085e+00,0.000000000000000000e+00,0.000000000000000000e+00,0.000000000000000000e+00,0.000000000000000000e+00
5.943977860553375514e-01,-4.299943512274825158e-02,-2.091076816622386758e+00,-3.088971839929472996e+00,0.000000000000000000e+00,0.000000000000000000e+00,0.000000000000000000e+00,0.000000000000000000e+00
6.172592393651581411e-01,-8.952900098758727332e-02,-2.124515571827005012e+00,-2.763387992168002683e+00,0.000000000000000000e+00,0.000000000000000000e+00,0.000000000000000000e+00,0.000000000000000000e+00
6.401206926749788417e-01,-1.356952686346108994e-01,-2.085766505533690918e+00,-2.437804144406531037e+00,0.000000000000000000e+00,0.000000000000000000e+00,0.000000000000000000e+00,0.000000000000000000e+00
6.629821459847995424e-01,-1.804111827436931659e-01,-1.980802494898958876e+00,-2.112220296645059392e+00,0.000000000000000000e+00,0.000000000000000000e+00,0.000000000000000000e+00,0.000000000000000000e+00
6.858435992946201321e-01,-2.225896879947081297e-01,-1.815596417079324620e+00,-1.786636448883589079e+00,0.000000000000000000e+00,0.000000000000000000e+00,0.000000000000000000e+00,0.000000000000000000e+00
7.087050526044408327e-01,-2.611437290675304168e-01,-1.596121149231301661e+00,-1.461052601122117212e+00,0.000000000000000000e+00,0.000000000000000000e+00,0.000000000000000000e+00,0.000000000000000000e+00
7.315665059142615334e-01,-2.949862506420339869e-01,-1.328349568511405732e+00,-1.135468753360645344e+00,0.000000000000000000e+00,0.000000000000000000e+00,0.000000000000000000e+00,0.000000000000000000e+00
7.544279592240822341e-01,-3.230301973980931884e-01,-1.018254552076152564e+00,-8.098849055991736989e-01,0.000000000000000000e+00,0.000000000000000000e+00,0.000000000000000000e+00,0.000000000000000000e+00
7.772894125339029348e-01,-3.441885140155821476e-01,-6.718089770820563356e-01,-4.843010578377016095e-01,0.000000000000000000e+00,0.000000000000000000e+00,0.000000000000000000e+00,0.000000000000000000e+00
8.001508658437235244e-01,-3.573741451743752129e-01,-2.949857206856336678e-01,-1.587172100762312965e-01,0.000000000000000000e+00,0.000000000000000000e+00,0.000000000000000000e+00,0.000000000000000000e+00
8.230123191535442251e-01,-3.615000355543465105e-01,1.062423399566023718e-01,1.668666376852403488e-01,0.000000000000000000e+00,0.000000000000000000e+00,0.000000000000000000e+00,0.000000000000000000e+00
8.458737724633649258e-01,-3.554791298353704998e-01,5.259023276881351627e-01,4.924504854467119941e-01,0.000000000000000000e+00,0.000000000000000000e+00,0.000000000000000000e+00,0.000000000000000000e+00
8.687352257731855154e-01,-3.384538203982480065e-01,9.500194317258245924e-01,7.367024060938704988e-01,0.000000000000000000e+00,0.000000000000000000e+00,0.000000000000000000e+00,0.000000000000000000e+00
8.915966790830062161e-01,-3.111671003803808677e-01,1.345969785120667783e+00,9.371602121496132032e-01,0.000000000000000000e+00,0.000000000000000000e+00,0.000000000000000000e+00,0.000000000000000000e+00
9.144581323928269168e-01,-2.748433962660767893e-01,1.707416276395175014e+00,1.137618018205355908e+00,0.000000000000000000e+00,0.000000000000000000e+00,0.000000000000000000e+00,0.000000000000000000e+00
9.373195857026476174e-01,-2.306873980840483396e-01,2.030382645603512781e+00,1.338075824261098834e+00,0.000000000000000000e+00,0.000000000000000000e+00,0.000000000000000000e+00,0.000000000000000000e+00
9.601810390124683181e-01,-1.799037958630079759e-01,2.310892632799847135e+00,1.538533630316841538e+00,0.000000000000000000e+00,0.000000000000000000e+00,0.000000000000000000e+00,0.000000000000000000e+00
9.830424923222889078e-01,-1.236972796316683498e-01,2.544969978038345015e+00,1.738991436372583133e+00,0.000000000000000000e+00,0.000000000000000000e+00,0.000000000000000000e+00,0.000000000000000000e+00
1.005903945632109497e+00,-6.327253941874179388e-02,2.728638421373172918e+00,1.939449242428324949e+00,0.000000000000000000e+00,0.000000000000000000e+00,0.000000000000000000e+00,0.000000000000000000e+00
1.028765398941930309e+00,1.657347470599146444e-04,2.857921702858499557e+00,2.139907048484068319e+00,0.000000000000000000e+00,0.000000000000000000e+00,0.000000000000000000e+00,0.000000000000000000e+00
1.051626852251750899e+00,6.541285283702302777e-02,2.928843562548488322e+00,2.340364854539810580e+00,0.000000000000000000e+00,0.000000000000000000e+00,0.000000000000000000e+00,0.000000000000000000e+00
1.074488305561571710e+00,1.312641248224363510e-01,2.937427740497308815e+00,2.540822660595554172e+00,0.000000000000000000e+00,0.000000000000000000e+00,0.000000000000000000e+00,0.000000000000000000e+00
1.097349758871392300e+00,1.965148606745862891e-01,2.879697976759124867e+00,2.741280466651295988e+00,0.000000000000000000e+00,0.000000000000000000e+00,0.000000000000000000e+00,0.000000000000000000e+00
1.120211212181212890e+00,2.599603703647609398e-01,2.751678011388105638e+00,2.941738272707037360e+00,0.000000000000000000e+00,0.000000000000000000e+00,0.000000000000000000e+00,0.000000000000000000e+00
1.143072665491033701e+00,3.203019010926799193e-01,2.549125210039834055e+00,3.000666534274005315e+00,0.000000000000000000e+00,0.000000000000000000e+00,0.000000000000000000e+00,0.000000000000000000e+00
1.165934118800854291e+00,3.734304990098005761e-01,2.263140480256046416e+00,2.493476618096591046e+00,0.000000000000000000e+00,0.000000000000000000e+00,0.000000000000000000e+00,0.000000000000000000e+00
1.188795572110675103e+00,4.173801981820764451e-01,1.899881350416360526e+00,1.986286701919172115e+00,0.000000000000000000e+00,0.000000000000000000e+00,0.000000000000000000e+00,0.000000000000000000e+00
1.211657025420495692e+00,4.517788404150767101e-01,1.471486238223469911e+00,1.479096785741758069e+00,0.000000000000000000e+00,0.000000000000000000e+00,0.000000000000000000e+00,0.000000000000000000e+00
1.234518478730316282e+00,4.762542675143722759e-01,9.900935613800587731e-01,9.719068695643438005e-01,0.000000000000000000e+00,0.000000000000000000e+00,0.000000000000000000e+00,0.000000000000000000e+00
1.257379932040137094e+00,4.904343212855332146e-01,4.678417375888078711e-01,4.647169533869246472e-01,0.000000000000000000e+00,0.000000000000000000e+00,0.000000000000000000e+00,0.000000000000000000e+00
1.280241385349957683e+00,4.939468435341294317e-01,-8.313081544758538222e-02,-4.247296279048962120e-02,0.000000000000000000e+00,0.000000000000000000e+00,0.000000000000000000e+00,0.000000000000000000e+00
1.303102838659778273e+00,4.864196760657313323e-01,-6.506856800264397833e-01,-5.496628789679034455e-01,0.000000000000000000e+00,0.000000000000000000e+00,0.000000000000000000e+00,0.000000000000000000e+00
1.325964291969599085e+00,4.674806606859088776e-01,-1.222684438445073019e+00,-1.056852795145323043e+00,0.000000000000000000e+00,0.000000000000000000e+00,0.000000000000000000e+00,0.000000000000000000e+00
1.348825745279419674e+00,4.367576392002324726e-01,-1.786988673000788452e+00,-1.564042711322737311e+00,0.000000000000000000e+00,0.000000000000000000e+00,0.000000000000000000e+00,0.000000000000000000e+00
1.371687198589240264e+00,3.938784534142726335e-01,-2.331459965990903438e+00,-2.071232627500150691e+00,0.000000000000000000e+00,0.000000000000000000e+00,0.000000000000000000e+00,0.000000000000000000e+00
1.394548651899061076e+00,3.384709451335984332e-01,-2.843959899712739325e+00,-2.578422543677570289e+00,0.000000000000000000e+00,0.000000000000000000e+00,0.000000000000000000e+00,0.000000000000000000e+00
1.417410105208881665e+00,2.701629561637812205e-01,-3.312350056463594150e+00,-3.085612459854984557e+00,0.000000000000000000e+00,0.000000000000000000e+00,0.000000000000000000e+00,0.000000000000000000e+00
1.440271558518702477e+00,1.903850816099197929e-01,-3.704252311967008549e+00,-3.063363360793231127e+00,0.000000000000000000e+00,0.000000000000000000e+00,0.000000000000000000e+00,0.000000000000000000e+00
1.463133011828523067e+00,1.044041850645574671e-01,-3.968089323633213095e+00,-2.864634590055153751e+00,0.000000000000000000e+00,0.000000000000000000e+00,0.000000000000000000e+00,0.000000000000000000e+00
1.485994465138343656e+00,1.443755083738939432e-02,-4.108931200580538068e+00,-2.665905819317076819e+00,0.000000000000000000e+00,0.000000000000000000e+00,0.000000000000000000e+00,0.000000000000000000e+00
1.508855918448164468e+00,-7.747269387778796257e-02,-4.134301722770381993e+00,-2.467177048578997667e+00,0.000000000000000000e+00,0.000000000000000000e+00,0.000000000000000000e+00,0.000000000000000000e+00
1.531717371757985058e+00,-1.692844218871755180e-01,-4.051724670164142950e+00,-2.268448277840920735e+00,0.000000000000000000e+00,0.000000000000000000e+00,0.000000000000000000e+00,0.000000000000000000e+00
1.554578825067805870e+00,-2.589555059969775863e-01,-3.868723822723217687e+00,-2.069719507102841582e+00,0.000000000000000000e+00,0.000000000000000000e+00,0.000000000000000000e+00,0.000000000000000000e+00
1.577440278377626459e+00,-3.444438190133949917e-01,-3.592822960409005173e+00,-1.870990736364764429e+00,0.000000000000000000e+00,0.000000000000000000e+00,0.000000000000000000e+00,0.000000000000000000e+00
1.600301731687447049e+00,-4.237072337426315283e-01,-3.231545863182903489e+00,-1.672261965626687275e+00,0.000000000000000000e+00,0.000000000000000000e+00,0.000000000000000000e+00,0.000000000000000000e+00
1.623163184997267861e+00,-4.947036229908904348e-01,-2.792416311006305385e+00,-1.473533194888608344e+00,0.000000000000000000e+00,0.000000000000000000e+00,0.000000000000000000e+00,0.000000000000000000e+00
1.646024638307088450e+00,-5.553908595643728408e-01,-2.282958083840616936e+00,-1.274804424150531190e+00,0.000000000000000000e+00,0.000000000000000000e+00,0.000000000000000000e+00,0.000000000000000000e+00
1.668886091616909040e+00,-6.037268162692822626e-01,-1.710694961647232892e+00,-1.076075653412453814e+00,0.000000000000000000e+00,0.000000000000000000e+00,0.000000000000000000e+00,0.000000000000000000e+00
1.691747544926729852e+00,-6.376693659118213287e-01,-1.083150724387540453e+00,-8.773468826743751059e-01,0.000000000000000000e+00,0.000000000000000000e+00,0.000000000000000000e+00,0.000000000000000000e+00
1.714608998236550441e+00,-6.551231436588150769e-01,-4.090306119213719116e-01,-6.241086657915777547e-01,0.000000000000000000e+00,0.000000000000000000e+00,0.000000000000000000e+00,0.000000000000000000e+00
1.737470451546371031e+00,-6.541826086240544180e-01,2.840416370299998494e-01,-2.436817412874228705e-01,0.000000000000000000e+00,0.000000000000000000e+00,0.000000000000000000e+00,0.000000000000000000e+00
1.760331904856191843e+00,-6.356997098698721205e-01,9.773525123440878204e-01,1.367451832167356773e-01,0.000000000000000000e+00,0.000000000000000000e+00,0.000000000000000000e+00,0.000000000000000000e+00
1.783193358166012432e+00,-6.010993898494209065e-01,1.658197830372633907e+00,5.171721077208906170e-01,0.000000000000000000e+00,0.000000000000000000e+00,0.000000000000000000e+00,0.000000000000000000e+00
1.806054811475833244e+00,-5.518065910158526099e-01,2.313873407467408327e+00,8.975990322250491094e-01,0.000000000000000000e+00,0.000000000000000000e+00,0.000000000000000000e+00,0.000000000000000000e+00
1.828916264785653834e+00,-4.892462558223201752e-01,2.931675059980153542e+00,1.278025956729204271e+00,0.000000000000000000e+00,0.000000000000000000e+00,0.000000000000000000e+00,0.000000000000000000e+00
1.851777718095474423e+00,-4.148433267219758802e-01,3.498898604262632439e+00,1.658452881233358767e+00,0.000000000000000000e+00,0.000000000000000000e+00,0.000000000000000000e+00,0.000000000000000000e+00
1.874639171405295235e+00,-3.300227461679707819e-01,4.002839856666606799e+00,2.038879805737517703e+00,0.000000000000000000e+00,0.000000000000000000e+00,0.000000000000000000e+00,0.000000000000000000e+00
1.897500624715115825e+00,-2.362094566134592954e-01,4.430794633543821526e+00,2.419306730241672643e+00,0.000000000000000000e+00,0.000000000000000000e+00,0.000000000000000000e+00,0.000000000000000000e+00
1.920362078024936636e+00,-1.348284005115915896e-01,4.770058751246041950e+00,2.799733654745831135e+00,0.000000000000000000e+00,0.000000000000000000e+00,0.000000000000000000e+00,0.000000000000000000e+00
1.943223531334757226e+00,-2.730452031552188519e-02,5.007928026125016530e+00,3.180160579249986075e+00,0.000000000000000000e+00,0.000000000000000000e+00,0.000000000000000000e+00,0.000000000000000000e+00
1.966084984644577816e+00,8.493724152159803920e-02,5.131698274532507043e+00,3.560587503754141014e+00,0.000000000000000000e+00,0.000000000000000000e+00,0.000000000000000000e+00,0.000000000000000000e+00
1.988946437954398627e+00,2.004719425466174321e-01,5.128665312820267275e+00,3.941014428258299507e+00,0.000000000000000000e+00,0.000000000000000000e+00,0.000000000000000000e+00,0.000000000000000000e+00
2.011807891264218995e+00,3.148259953514650489e-01,4.982527564265414100e+00,3.585980253153113750e+00,0.000000000000000000e+00,0.000000000000000000e+00,0.000000000000000000e+00,0.000000000000000000e+00
2.034669344574040029e+00,4.213040483705004502e-01,4.690657815652060414e+00,3.101158825274292319e+00,0.000000000000000000e+00,0.000000000000000000e+00,0.000000000000000000e+00,0.000000000000000000e+00
2.057530797883860618e+00,5.184301631258537713e-01,4.268753234970524169e+00,2.616337397395480657e+00,0.000000000000000000e+00,0.000000000000000000e+00,0.000000000000000000e+00,0.000000000000000000e+00
2.080392251193681208e+00,6.048235070519235590e-01,3.732730347411053806e+00,2.131515969516668108e+00,0.000000000000000000e+00,0.000000000000000000e+00,0.000000000000000000e+00,0.000000000000000000e+00
2.103253704503501798e+00,6.791032475831054738e-01,3.098505678163910648e+00,1.646694541637856446e+00,0.000000000000000000e+00,0.000000000000000000e+00,0.000000000000000000e+00,0.000000000000000000e+00
2.126115157813322387e+00,7.398885521537957866e-01,2.381995752419348022e+00,1.161873113759044340e+00,0.000000000000000000e+00,0.000000000000000000e+00,0.000000000000000000e+00,0.000000000000000000e+00
2.148976611123143421e+00,7.857985881983907683e-01,1.599117095367607710e+00,6.770516858802229088e-01,0.000000000000000000e+00,0.000000000000000000e+00,0.000000000000000000e+00,0.000000000000000000e+00
2.171838064432964011e+00,8.154525231512849137e-01,7.657862321989790111e-01,1.922302580014108031e-01,0.000000000000000000e+00,0.000000000000000000e+00,0.000000000000000000e+00,0.000000000000000000e+00
2.194699517742784600e+00,8.274695244468750488e-01,-1.020803118962994027e-01,-2.925911698774013026e-01,0.000000000000000000e+00,0.000000000000000000e+00,0.000000000000000000e+00,0.000000000000000000e+00
2.217560971052605190e+00,8.204687595195568894e-01,-9.885660117279675418e-01,-7.774125977562138523e-01,0.000000000000000000e+00,0.000000000000000000e+00,0.000000000000000000e+00,0.000000000000000000e+00
2.240422424362425780e+00,7.930693958037269287e-01,-1.877754342105771190e+00,-1.262234025635025514e+00,0.000000000000000000e+00,0.000000000000000000e+00,0.000000000000000000e+00,0.000000000000000000e+00
2.263283877672246813e+00,7.438906007337795501e-01,-2.753728777839469011e+00,-1.747055453513846945e+00,0.000000000000000000e+00,0.000000000000000000e+00,0.000000000000000000e+00,0.000000000000000000e+00
2.286145330982067403e+00,6.719690448675623706e-01,-3.593759632706928109e+00,-2.054528417205169433e+00,0.000000000000000000e+00,0.000000000000000000e+00,0.000000000000000000e+00,0.000000000000000000e+00
2.309006784291887993e+00,5.811857273410062641e-01,-4.324049701644477217e+00,-2.095978684739145503e+00,0.000000000000000000e+00,0.000000000000000000e+00,0.000000000000000000e+00,0.000000000000000000e+00
2.331868237601708582e+00,4.751275613178130297e-01,-4.928146508559152927e+00,-2.137428952273121574e+00,0.000000000000000000e+00,0.000000000000000000e+00,0.000000000000000000e+00,0.000000000000000000e+00
2.354729690911529172e+00,3.566992075327233280e-01,-5.405871465924852792e+00,-2.178879219807097201e+00,0.000000000000000000e+00,0.000000000000000000e+00,0.000000000000000000e+00,0.000000000000000000e+00
2.377591144221350206e+00,2.288053267204749330e-01,-5.757045986215479694e+00,-2.220329487341074159e+00,0.000000000000000000e+00,0.000000000000000000e+00,0.000000000000000000e+00,0.000000000000000000e+00
2.400452597531170795e+00,9.435057961581327923e-02,-5.981491481904919638e+00,-2.261779754875050230e+00,0.000000000000000000e+00,0.000000000000000000e+00,0.000000000000000000e+00,0.000000000000000000e+00
2.423314050840991385e+00,-4.376037304652360960e-02,-6.079029365467077284e+00,-2.303230022409026301e+00,0.000000000000000000e+00,0.000000000000000000e+00,0.000000000000000000e+00,0.000000000000000000e+00
2.446175504150811975e+00,-1.826228705317952949e-01,-6.049481049375851960e+00,-2.344680289943002371e+00,0.000000000000000000e+00,0.000000000000000000e+00,0.000000000000000000e+00,0.000000000000000000e+00
2.469036957460632564e+00,-3.193322521052616159e-01,-5.892667946105140331e+00,-2.386130557476978442e+00,0.000000000000000000e+00,0.000000000000000000e+00,0.000000000000000000e+00,0.000000000000000000e+00
2.491898410770453154e+00,-4.509838570321817453e-01,-5.608411468128842614e+00,-2.427580825010954513e+00,0.000000000000000000e+00,0.000000000000000000e+00,0.000000000000000000e+00,0.000000000000000000e+00
2.514759864080274188e+00,-5.746730245778178814e-01,-5.196533027920846592e+00,-2.469031092544931472e+00,0.000000000000000000e+00,0.000000000000000000e+00,0.000000000000000000e+00,0.000000000000000000e+00
2.537621317390094777e+00,-6.874950940074244787e-01,-4.656854037955064030e+00,-2.510481360078907542e+00,0.000000000000000000e+00,0.000000000000000000e+00,0.000000000000000000e+00,0.000000000000000000e+00
2.560482770699915367e+00,-7.865454045862640964e-01,-3.989195910705390702e+00,-2.551931627612883613e+00,0.000000000000000000e+00,0.000000000000000000e+00,0.000000000000000000e+00,0.000000000000000000e+00
2.583344224009735957e+00,-8.669846188033204504e-01,-3.211028802066530741e+00,-2.042461126511150749e+00,0.000000000000000000e+00,0.000000000000000000e+00,0.000000000000000000e+00,0.000000000000000000e+00
2.606205677319556546e+00,-9.256390638386000624e-01,-2.355017267800254999e+00,-1.503994795558541098e+00,0.000000000000000000e+00,0.000000000000000000e+00,0.000000000000000000e+00,0.000000000000000000e+00
2.629067130629377580e+00,-9.628767604687165083e-01,-1.439059575674442426e+00,-9.655284646059210107e-01,0.000000000000000000e+00,0.000000000000000000e+00,0.000000000000000000e+00,0.000000000000000000e+00
2.651928583939198170e+00,-9.790724551053373581e-01,-4.810126197553152849e-01,-4.270621336533113599e-01,0.000000000000000000e+00,0.000000000000000000e+00,0.000000000000000000e+00,0.000000000000000000e+00
2.674790037249018759e+00,-9.746008941601320696e-01,5.012667058909563433e-01,1.114041972992980689e-01,0.000000000000000000e+00,0.000000000000000000e+00,0.000000000000000000e+00,0.000000000000000000e+00
2.697651490558839349e+00,-9.498368240447693234e-01,1.489921507198186168e+00,6.498705282519074977e-01,0.000000000000000000e+00,0.000000000000000000e+00,0.000000000000000000e+00,0.000000000000000000e+00
2.720512943868659939e+00,-9.051549911709180218e-01,2.467094890100185456e+00,1.188336859204517371e+00,0.000000000000000000e+00,0.000000000000000000e+00,0.000000000000000000e+00,0.000000000000000000e+00
2.743374397178480528e+00,-8.409301419502466235e-01,3.414929960530769470e+00,1.726803190157126355e+00,0.000000000000000000e+00,0.000000000000000000e+00,0.000000000000000000e+00,0.000000000000000000e+00
2.766235850488301562e+00,-7.575370227944228096e-01,4.315569824423766576e+00,2.265269521109746886e+00,0.000000000000000000e+00,0.000000000000000000e+00,0.000000000000000000e+00,0.000000000000000000e+00
2.789097303798122152e+00,-6.553503801151179253e-01,5.151157587712953401e+00,2.803735852062356759e+00,0.000000000000000000e+00,0.000000000000000000e+00,0.000000000000000000e+00,0.000000000000000000e+00
2.811958757107942741e+00,-5.347449603239992078e-01,5.903836356332162971e+00,3.342202183014965744e+00,0.000000000000000000e+00,0.000000000000000000e+00,0.000000000000000000e+00,0.000000000000000000e+00
2.834820210417763331e+00,-3.960955098327358925e-01,6.555749236215211440e+00,3.880668513967575617e+00,0.000000000000000000e+00,0.000000000000000000e+00,0.000000000000000000e+00,0.000000000000000000e+00
2.857681663727583921e+00,-2.412050956611815067e-01,7.074543375974104542e+00,4.000614638663538614e+00,0.000000000000000000e+00,0.000000000000000000e+00,0.000000000000000000e+00,0.000000000000000000e+00
2.880543117037404954e+00,-7.998428055812774329e-02,7.369351597095788797e+00,3.702040557339820293e+00,0.000000000000000000e+00,0.000000000000000000e+00,0.000000000000000000e+00,0.000000000000000000e+00
2.903404570347225544e+00,8.329547602125668415e-02,7.443510555646980720e+00,3.403466476016107745e+00,0.000000000000000000e+00,0.000000000000000000e+00,0.000000000000000000e+00,0.000000000000000000e+00
2.926266023657046134e+00,2.456837138181424962e-01,7.316404582713594174e+00,3.104892394692394753e+00,0.000000000000000000e+00,0.000000000000000000e+00,0.000000000000000000e+00,0.000000000000000000e+00
2.949127476966866723e+00,4.042299725736970828e-01,7.007418009381535029e+00,2.806318313368682205e+00,0.000000000000000000e+00,0.000000000000000000e+00,0.000000000000000000e+00,0.000000000000000000e+00
2.971988930276687313e+00,5.559837920290882085e-01,6.535935166736703827e+00,2.507744232044969657e+00,0.000000000000000000e+00,0.000000000000000000e+00,0.000000000000000000e+00,0.000000000000000000e+00
2.994850383586508347e+00,6.979947119254860111e-01,5.921340385864997558e+00,2.209170150721251336e+00,0.000000000000000000e+00,0.000000000000000000e+00,0.000000000000000000e+00,0.000000000000000000e+00
3.017711836896328936e+00,8.273122720040524403e-01,5.183017997852344294e+00,1.910596069397538788e+00,0.000000000000000000e+00,0.000000000000000000e+00,0.000000000000000000e+00,0.000000000000000000e+00
3.040573290206149526e+00,9.409860120059578836e-01,4.340352333784637473e+00,1.612021988073825796e+00,0.000000000000000000e+00,0.000000000000000000e+00,0.000000000000000000e+00,0.000000000000000000e+00
3.063434743515970116e+00,1.036065471672370064e+00,3.412727724747786517e+00,1.313447906750113248e+00,0.000000000000000000e+00,0.000000000000000000e+00,0.000000000000000000e+00,0.000000000000000000e+00
3.086296196825790705e+00,1.109600190744456594e+00,2.419528501827687972e+00,1.014873825426400700e+00,0.000000000000000000e+00,0.000000000000000000e+00,0.000000000000000000e+00,0.000000000000000000e+00
3.109157650135611739e+00,1.158639708963385306e+00,1.380138996110233940e+00,7.162997441026819345e-01,0.000000000000000000e+00,0.000000000000000000e+00,0.000000000000000000e+00,0.000000000000000000e+00
3.132019103445432329e+00,1.180232564541853435e+00,3.139110348188784427e-01,4.122930269170113071e-01,0.000000000000000000e+00,0.000000000000000000e+00,0.000000000000000000e+00,0.000000000000000000e+00
3.154880556755252918e+00,1.171972829753811451e+00,-7.734536884916364263e-01,5.066228631028124596e-03,0.000000000000000000e+00,0.000000000000000000e+00,0.000000000000000000e+00,0.000000000000000000e+00
3.177742010065073508e+00,1.135094408387874676e+00,-1.871743021715435384e+00,-4.021605696549550579e-01,0.000000000000000000e+00,0.000000000000000000e+00,0.000000000000000000e+00,0.000000000000000000e+00
3.200603463374894098e+00,1.071997599368336829e+00,-2.958557372971929222e+00,-8.093873679409383515e-01,0.000000000000000000e+00,0.000000000000000000e+00,0.000000000000000000e+00,0.000000000000000000e+00
3.223464916684714687e+00,9.850827016194917407e-01,-4.011497150380527899e+00,-1.216614166226921423e+00,0.000000000000000000e+00,0.000000000000000000e+00,0.000000000000000000e+00,0.000000000000000000e+00
3.246326369994535721e+00,8.767500140656306895e-01,-5.008162762060661244e+00,-1.623840964512912599e+00,0.000000000000000000e+00,0.000000000000000000e+00,0.000000000000000000e+00,0.000000000000000000e+00
3.269187823304356311e+00,7.493998356310520581e-01,-5.926154616131700692e+00,-2.031067762798895782e+00,0.000000000000000000e+00,0.000000000000000000e+00,0.000000000000000000e+00,0.000000000000000000e+00
3.292049276614176900e+00,6.054324652400477902e-01,-6.743073120713075852e+00,-2.438294561084878964e+00,0.000000000000000000e+00,0.000000000000000000e+00,0.000000000000000000e+00,0.000000000000000000e+00
3.314910729923997490e+00,4.472482018169113283e-01,-7.436518683924199458e+00,-2.845521359370862147e+00,0.000000000000000000e+00,0.000000000000000000e+00,0.000000000000000000e+00,0.000000000000000000e+00
3.337772183233818080e+00,2.772473442859367254e-01,-7.984091713884480690e+00,-3.252748157656845329e+00,0.000000000000000000e+00,0.000000000000000000e+00,0.000000000000000000e+00,0.000000000000000000e+00
3.360633636543639113e+00,9.783019157141431554e-02,-8.363392618713332283e+00,-3.659974955942836505e+00,0.000000000000000000e+00,0.000000000000000000e+00,0.000000000000000000e+00,0.000000000000000000e+00
3.383495089853459703e+00,-8.860295740235513140e-02,-8.552021806530156312e+00,-4.067201754228819688e+00,0.000000000000000000e+00,0.000000000000000000e+00,0.000000000000000000e+00,0.000000000000000000e+00
3.406356543163280293e+00,-2.796518037110812260e-01,-8.527579685454368175e+00,-4.474428552514803314e+00,0.000000000000000000e+00,0.000000000000000000e+00,0.000000000000000000e+00,0.000000000000000000e+00
3.429217996473100882e+00,-4.707781931909314488e-01,-8.278932174793899534e+00,-4.369359443551642741e+00,0.000000000000000000e+00,0.000000000000000000e+00,0.000000000000000000e+00,0.000000000000000000e+00
3.452079449782921472e+00,-6.510729793528388099e-01,-7.847343795301690683e+00,-3.922759729916912796e+00,0.000000000000000000e+00,0.000000000000000000e+00,0.000000000000000000e+00,0.000000000000000000e+00
3.474940903092742062e+00,-8.178247128529176901e-01,-7.255002322186673069e+00,-3.476160016282182852e+00,0.000000000000000000e+00,0.000000000000000000e+00,0.000000000000000000e+00,0.000000000000000000e+00
3.497802356402563095e+00,-9.692896092844190958e-01,-6.520173033327211876e+00,-3.029560302647444026e+00,0.000000000000000000e+00,0.000000000000000000e+00,0.000000000000000000e+00,0.000000000000000000e+00
3.520663809712383685e+00,-1.103723884240584763e+00,-5.661121206601722911e+00,-2.582960589012713637e+00,0.000000000000000000e+00,0.000000000000000000e+00,0.000000000000000000e+00,0.000000000000000000e+00
3.543525263022204275e+00,-1.219383753314666308e+00,-4.696112119888574021e+00,-2.136360875377983692e+00,0.000000000000000000e+00,0.000000000000000000e+00,0.000000000000000000e+00,0.000000000000000000e+00
3.566386716332024864e+00,-1.314525432099911351e+00,-3.643411051066149486e+00,-1.689761161743253304e+00,0.000000000000000000e+00,0.000000000000000000e+00,0.000000000000000000e+00,0.000000000000000000e+00
3.589248169641845454e+00,-1.387405136189568289e+00,-2.521283278012834472e+00,-1.243161448108523359e+00,0.000000000000000000e+00,0.000000000000000000e+00,0.000000000000000000e+00,0.000000000000000000e+00
3.612109622951666488e+00,-1.436279081176885963e+00,-1.347994078606989277e+00,-7.965617344737845329e-01,0.000000000000000000e+00,0.000000000000000000e+00,0.000000000000000000e+00,0.000000000000000000e+00
3.634971076261487077e+00,-1.459403482655110551e+00,-1.418087307270394781e-01,-3.499620208390545884e-01,0.000000000000000000e+00,0.000000000000000000e+00,0.000000000000000000e+00,0.000000000000000000e+00
3.657832529571307667e+00,-1.455034556217491115e+00,1.079007487748648408e+00,9.663769279567624437e-02,0.000000000000000000e+00,0.000000000000000000e+00,0.000000000000000000e+00,0.000000000000000000e+00
3.680693982881128257e+00,-1.421428517457275387e+00,2.296189298941692769e+00,5.432374064304061889e-01,0.000000000000000000e+00,0.000000000000000000e+00,0.000000000000000000e+00,0.000000000000000000e+00
3.703555436190948846e+00,-1.356845181437447145e+00,3.491361684393329057e+00,9.547239677936936175e-01,0.000000000000000000e+00,0.000000000000000000e+00,0.000000000000000000e+00,0.000000000000000000e+00
3.726416889500769880e+00,-1.260931306161082066e+00,4.640175647268783621e+00,1.167235999773497568e+00,0.000000000000000000e+00,0.000000000000000000e+00,0.000000000000000000e+00,0.000000000000000000e+00
3.749278342810590470e+00,-1.136806532659591973e+00,5.720991131509854277e+00,1.379748031753297521e+00,0.000000000000000000e+00,0.000000000000000000e+00,0.000000000000000000e+00,0.000000000000000000e+00
3.772139796120411059e+00,-9.881249078466451952e-01,6.715712386989698857e+00,1.592260063733097475e+00,0.000000000000000000e+00,0.000000000000000000e+00,0.000000000000000000e+00,0.000000000000000000e+00
3.795001249430231649e+00,-8.185404786359127272e-01,7.606243663581455650e+00,1.804772095712897428e+00,0.000000000000000000e+00,0.000000000000000000e+00,0.000000000000000000e+00,0.000000000000000000e+00
3.817862702740052239e+00,-6.317072919410647858e-01,8.374489211158255841e+00,2.017284127692697382e+00,0.000000000000000000e+00,0.000000000000000000e+00,0.000000000000000000e+00,0.000000000000000000e+00
3.840724156049873272e+00,-4.312793946757680352e-01,9.002353279593245716e+00,2.229796159672501332e+00,0.000000000000000000e+00,0.000000000000000000e+00,0.000000000000000000e+00,0.000000000000000000e+00
3.863585609359693862e+00,-2.209108337537007138e-01,9.471740118759534255e+00,2.442308191652301286e+00,0.000000000000000000e+00,0.000000000000000000e+00,0.000000000000000000e+00,0.000000000000000000e+00
3.886447062669514452e+00,-4.255656088529680137e-03,9.764553978530274847e+00,2.654820223632100795e+00,0.000000000000000000e+00,0.000000000000000000e+00,0.000000000000000000e+00,0.000000000000000000e+00
3.909308515979335041e+00,2.150320914060747102e-01,9.862699108778599566e+00,2.867332255611900749e+00,0.000000000000000000e+00,0.000000000000000000e+00,0.000000000000000000e+00,0.000000000000000000e+00
3.932169969289155631e+00,4.332983618164417683e-01,9.748079759377640485e+00,3.079844287591700702e+00,0.000000000000000000e+00,0.000000000000000000e+00,0.000000000000000000e+00,0.000000000000000000e+00
3.955031422598976221e+00,6.468891082289012218e-01,9.402600180200536784e+00,3.292356319571500656e+00,0.000000000000000000e+00,0.000000000000000000e+00,0.000000000000000000e+00,0.000000000000000000e+00
3.977892875908797254e+00,8.521502837297856292e-01,8.808164621120413429e+00,3.504868351551304606e+00,0.000000000000000000e+00,0.000000000000000000e+00,0.000000000000000000e+00,0.000000000000000000e+00
4.000754329218617400e+00,1.043852580508105143e+00,7.997502890394875052e+00,3.287470028738781913e+00,0.000000000000000000e+00,0.000000000000000000e+00,0.000000000000000000e+00,0.000000000000000000e+00
4.023615782528437990e+00,1.215167524804164456e+00,7.111395934582390943e+00,2.885824411089823460e+00,0.000000000000000000e+00,0.000000000000000000e+00,0.000000000000000000e+00,0.000000000000000000e+00
4.046477235838259467e+00,1.364995519556490233e+00,6.164777099455563736e+00,2.484178793440849020e+00,0.000000000000000000e+00,0.000000000000000000e+00,0.000000000000000000e+00,0.000000000000000000e+00
4.069338689148080057e+00,1.492569607685040989e+00,5.163605243278265533e+00,2.082533175791890567e+00,0.000000000000000000e+00,0.000000000000000000e+00,0.000000000000000000e+00,0.000000000000000000e+00
4.092200142457900647e+00,1.597122832109793222e+00,4.113839224314256526e+00,1.680887558142931892e+00,0.000000000000000000e+00,0.000000000000000000e+00,0.000000000000000000e+00,0.000000000000000000e+00
4.115061595767721236e+00,1.677888235750717438e+00,3.021437900827336431e+00,1.279241940493973217e+00,0.000000000000000000e+00,0.000000000000000000e+00,0.000000000000000000e+00,0.000000000000000000e+00
4.137923049077541826e+00,1.734098861527783919e+00,1.892360131081303631e+00,8.775963228450147646e-01,0.000000000000000000e+00,0.000000000000000000e+00,0.000000000000000000e+00,0.000000000000000000e+00
4.160784502387362416e+00,1.764987752360962947e+00,7.325647733399562878e-01,4.759507051960558677e-01,0.000000000000000000e+00,0.000000000000000000e+00,0.000000000000000000e+00,0.000000000000000000e+00
4.183645955697183005e+00,1.769787951170224805e+00,-4.519893141329065500e-01,7.430508754709741481e-02,0.000000000000000000e+00,0.000000000000000000e+00,0.000000000000000000e+00,0.000000000000000000e+00
4.206507409007003595e+00,1.747732500875540218e+00,-1.655343273073488053e+00,-3.273405301018610380e-01,0.000000000000000000e+00,0.000000000000000000e+00,0.000000000000000000e+00,0.000000000000000000e+00
4.229368862316824185e+00,1.698054444396879470e+00,-2.871538245217990060e+00,-7.289861477508194909e-01,0.000000000000000000e+00,0.000000000000000000e+00,0.000000000000000000e+00,0.000000000000000000e+00
4.252230315626644774e+00,1.619986824654211510e+00,-4.094615372302612855e+00,-1.130631765399778388e+00,0.000000000000000000e+00,0.000000000000000000e+00,0.000000000000000000e+00,0.000000000000000000e+00
4.275091768936466252e+00,1.512670121485689911e+00,-5.316503339099270420e+00,-1.454403154305360157e+00,0.000000000000000000e+00,0.000000000000000000e+00,0.000000000000000000e+00,0.000000000000000000e+00
4.297953222246286842e+00,1.374561837313905910e+00,-6.481801289784170805e+00,-1.544551857069019540e+00,0.000000000000000000e+00,0.000000000000000000e+00,0.000000000000000000e+00,0.000000000000000000e+00
4.320814675556107431e+00,1.208449695931849588e+00,-7.555209807027899238e+00,-1.634700559832678923e+00,0.000000000000000000e+00,0.000000000000000000e+00,0.000000000000000000e+00,0.000000000000000000e+00
4.343676128865928021e+00,1.018408393896605979e+00,-8.519373126193386270e+00,-1.724849262596338306e+00,0.000000000000000000e+00,0.000000000000000000e+00,0.000000000000000000e+00,0.000000000000000000e+00
4.366537582175748611e+00,8.085126277652595617e-01,-9.356935482643562452e+00,-1.814997965359997689e+00,0.000000000000000000e+00,0.000000000000000000e+00,0.000000000000000000e+00,0.000000000000000000e+00
4.389399035485569200e+00,5.828370940948949253e-01,-1.005054111174136011e+01,-1.905146668123657072e+00,0.000000000000000000e+00,0.000000000000000000e+00,0.000000000000000000e+00,0.000000000000000000e+00
4.412260488795389790e+00,3.454564894425967703e-01,-1.058283424884970714e+01,-1.995295370887316455e+00,0.000000000000000000e+00,0.000000000000000000e+00,0.000000000000000000e+00,0.000000000000000000e+00
4.435121942105210380e+00,1.004455103654500192e-01,-1.093645912933153497e+01,-2.085444073650975838e+00,0.000000000000000000e+00,0.000000000000000000e+00,0.000000000000000000e+00,0.000000000000000000e+00
4.457983395415030969e+00,-1.481211465794610160e-01,-1.109405998854977327e+01,-2.175592776414635665e+00,0.000000000000000000e+00,0.000000000000000000e+00,0.000000000000000000e+00,0.000000000000000000e+00
4.480844848724851559e+00,-3.961687848350516905e-01,-1.103828106186735525e+01,-2.265741479178295048e+00,0.000000000000000000e+00,0.000000000000000000e+00,0.000000000000000000e+00,0.000000000000000000e+00
4.503706302034672149e+00,-6.396227078442368041e-01,-1.075176658464720880e+01,-2.355890181941954431e+00,0.000000000000000000e+00,0.000000000000000000e+00,0.000000000000000000e+00,0.000000000000000000e+00
4.526567755344493627e+00,-8.744082190499408158e-01,-1.021716079225224050e+01,-2.446038884705616923e+00,0.000000000000000000e+00,0.000000000000000000e+00,0.000000000000000000e+00,0.000000000000000000e+00
4.549429208654314216e+00,-1.096450621895060706e+00,-9.417107920045420855e+00,-2.536187587469276750e+00,0.000000000000000000e+00,0.000000000000000000e+00,0.000000000000000000e+00,0.000000000000000000e+00
4.572290661964134806e+00,-1.300445717577979998e+00,-8.424237280416587481e+00,-2.259267259624226476e+00,0.000000000000000000e+00,0.000000000000000000e+00,0.000000000000000000e+00,0.000000000000000000e+00
4.595152115273955395e+00,-1.481790999281143995e+00,-7.415626730069230454e+00,-1.890579674159504231e+00,0.000000000000000000e+00,0.000000000000000000e+00,0.000000000000000000e+00,0.000000000000000000e+00
4.618013568583775985e+00,-1.640028725071127402e+00,-6.395804702555114574e+00,-1.521892088694782208e+00,0.000000000000000000e+00,0.000000000000000000e+00,0.000000000000000000e+00,0.000000000000000000e+00
4.640875021893596575e+00,-1.774802787498771739e+00,-5.363784692510910723e+00,-1.153204503230060185e+00,0.000000000000000000e+00,0.000000000000000000e+00,0.000000000000000000e+00,0.000000000000000000e+00
4.663736475203417164e+00,-1.885757079114920076e+00,-4.318580194573286235e+00,-7.845169177653379400e-01,0.000000000000000000e+00,0.000000000000000000e+00,0.000000000000000000e+00,0.000000000000000000e+00
4.686597928513237754e+00,-1.972535492470415042e+00,-3.259204703378907997e+00,-4.158293323006159170e-01,0.000000000000000000e+00,0.000000000000000000e+00,0.000000000000000000e+00,0.000000000000000000e+00
4.709459381823058344e+00,-2.034781920116099041e+00,-2.184671713564446449e+00,-4.714174683589389403e-02,0.000000000000000000e+00,0.000000000000000000e+00,0.000000000000000000e+00,0.000000000000000000e+00
4.732320835132878933e+00,-2.072140254602813147e+00,-1.093994719766567814e+00,3.215458386288281289e-01,0.000000000000000000e+00,0.000000000000000000e+00,0.000000000000000000e+00,0.000000000000000000e+00
4.755182288442700411e+00,-2.084254388481400877e+00,1.381278337810389056e-02,6.902334240935648069e-01,0.000000000000000000e+00,0.000000000000000000e+00,0.000000000000000000e+00,0.000000000000000000e+00
4.778043741752521001e+00,-2.070768214302704635e+00,1.139737301232811362e+00,1.058921009558286830e+00,0.000000000000000000e+00,0.000000000000000000e+00,0.000000000000000000e+00,0.000000000000000000e+00
4.800905195062341591e+00,-2.031325624617566383e+00,2.284765339160932385e+00,1.427608595023008853e+00,0.000000000000000000e+00,0.000000000000000000e+00,0.000000000000000000e+00,0.000000000000000000e+00
4.823766648372162180e+00,-1.965570511976828971e+00,3.449883402525798282e+00,1.796296180487730432e+00,0.000000000000000000e+00,0.000000000000000000e+00,0.000000000000000000e+00,0.000000000000000000e+00
4.846628101681982770e+00,-1.872496126884223067e+00,4.638188315193505495e+00,2.072764421551799074e+00,0.000000000000000000e+00,0.000000000000000000e+00,0.000000000000000000e+00,0.000000000000000000e+00
4.869489554991803359e+00,-1.745289802979622218e+00,5.864302912750720687e+00,2.177968165903793274e+00,0.000000000000000000e+00,0.000000000000000000e+00,0.000000000000000000e+00,0.000000000000000000e+00
4.892351008301623949e+00,-1.585242549253305322e+00,7.101515068292957089e+00,2.283171910255787918e+00,0.000000000000000000e+00,0.000000000000000000e+00,0.000000000000000000e+00,0.000000000000000000e+00
4.915212461611444539e+00,-1.396184184833223485e+00,8.313184668397633814e+00,2.388375654607782117e+00,0.000000000000000000e+00,0.000000000000000000e+00,0.000000000000000000e+00,0.000000000000000000e+00
4.938073914921265128e+00,-1.181944528847328257e+00,9.462671599642170861e+00,2.493579398959776761e+00,0.000000000000000000e+00,0.000000000000000000e+00,0.000000000000000000e+00,0.000000000000000000e+00
4.960935368231085718e+00,-9.463534004235713004e-01,1.051333574860399089e+01,2.598783143311770960e+00,0.000000000000000000e+00,0.000000000000000000e+00,0.000000000000000000e+00,0.000000000000000000e+00
4.983796821540906308e+00,-6.932406186899034983e-01,1.142853700186051036e+01,2.703986887663765604e+00,0.000000000000000000e+00,0.000000000000000000e+00,0.000000000000000000e+00,0.000000000000000000e+00
5.006658274850727786e+00,-4.264360027742659653e-01,1.217163524598917590e+01,2.809190632015764244e+00,0.000000000000000000e+00,0.000000000000000000e+00,0.000000000000000000e+00,0.000000000000000000e+00
5.029519728160548375e+00,-1.497693718046310685e-01,1.270599036756734890e+01,2.914394376367758444e+00,0.000000000000000000e+00,0.000000000000000000e+00,0.000000000000000000e+00,0.000000000000000000e+00
5.052381181470368965e+00,1.329294550910605777e-01,1.299496225317248133e+01,3.019598120719753087e+00,0.000000000000000000e+00,0.000000000000000000e+00,0.000000000000000000e+00,0.000000000000000000e+00
5.075242634780189555e+00,4.178306587848565901e-01,1.300191078938199496e+01,3.124801865071747287e+00,0.000000000000000000e+00,0.000000000000000000e+00,0.000000000000000000e+00,0.000000000000000000e+00
5.098104088090010144e+00,7.011044201488066951e-01,1.269019586277330980e+01,3.230005609423741930e+00,0.000000000000000000e+00,0.000000000000000000e+00,0.000000000000000000e+00,0.000000000000000000e+00
5.120965541399830734e+00,9.789209200549586765e-01,1.202317735992384229e+01,3.335209353775736130e+00,0.000000000000000000e+00,0.000000000000000000e+00,0.000000000000000000e+00,0.000000000000000000e+00
5.143826994709651323e+00,1.242215317591578438e+00,1.111804429761185808e+01,3.088234693704115408e+00,0.000000000000000000e+00,0.000000000000000000e+00,0.000000000000000000e+00,0.000000000000000000e+00
5.166688448019471913e+00,1.482450417015153121e+00,1.019155524847475114e+01,2.802129099819969493e+00,0.000000000000000000e+00,0.000000000000000000e+00,0.000000000000000000e+00,0.000000000000000000e+00
5.189549901329292503e+00,1.700575126355029720e+00,9.257589321589762221e+00,2.516023505935823579e+00,0.000000000000000000e+00,0.000000000000000000e+00,0.000000000000000000e+00,0.000000000000000000e+00
5.212411354639113092e+00,1.897611069277065354e+00,8.328207669748101338e+00,2.229917912051677220e+00,0.000000000000000000e+00,0.000000000000000000e+00,0.000000000000000000e+00,0.000000000000000000e+00
5.235272807948933682e+00,2.074579869447116476e+00,7.415471445740976719e+00,1.943812318167531528e+00,0.000000000000000000e+00,0.000000000000000000e+00,0.000000000000000000e+00,0.000000000000000000e+00
5.258134261258755160e+00,2.232503150531046199e+00,6.531441802359555737e+00,1.657706724283374289e+00,0.000000000000000000e+00,0.000000000000000000e+00,0.000000000000000000e+00,0.000000000000000000e+00
5.280995714568575750e+00,2.372402536194698541e+00,5.688179892395115900e+00,1.371601130399228374e+00,0.000000000000000000e+00,0.000000000000000000e+00,0.000000000000000000e+00,0.000000000000000000e+00
5.303857167878396339e+00,2.495299650103937950e+00,4.897746868638828133e+00,1.085495536515082460e+00,0.000000000000000000e+00,0.000000000000000000e+00,0.000000000000000000e+00,0.000000000000000000e+00
5.326718621188216929e+00,2.602216115924619544e+00,4.172203883881900666e+00,7.993899426309365452e-01,0.000000000000000000e+00,0.000000000000000000e+00,0.000000000000000000e+00,0.000000000000000000e+00
5.349580074498037519e+00,2.694173557322601997e+00,3.523612090915539508e+00,5.132843487467901866e-01,0.000000000000000000e+00,0.000000000000000000e+00,0.000000000000000000e+00,0.000000000000000000e+00
5.372441527807858108e+00,2.772193597963740430e+00,2.964032642530948891e+00,2.271787548626442721e-01,0.000000000000000000e+00,0.000000000000000000e+00,0.000000000000000000e+00,0.000000000000000000e+00
5.395302981117678698e+00,2.837297861513893071e+00,2.505526691519336602e+00,-5.892683902150164243e-02,0.000000000000000000e+00,0.000000000000000000e+00,0.000000000000000000e+00,0.000000000000000000e+00
5.418164434427499287e+00,2.891006262901014257e+00,2.152374568536830512e+00,-3.299600486659631793e-01,0.000000000000000000e+00,0.000000000000000000e+00,0.000000000000000000e+00,0.000000000000000000e+00
5.441025887737319877e+00,2.937778427318134877e+00,1.853231554209448628e+00,-5.825714553518647199e-01,0.000000000000000000e+00,0.000000000000000000e+00,0.000000000000000000e+00,0.000000000000000000e+00
5.463887341047140467e+00,2.978727961826161064e+00,1.592378621392210425e+00,-8.351828620377661494e-01,0.000000000000000000e+00,0.000000000000000000e+00,0.000000000000000000e+00,0.000000000000000000e+00
5.486748794356961056e+00,3.014189475478199487e+00,1.364862116556580407e+00,-1.087794268723667690e+00,0.000000000000000000e+00,0.000000000000000000e+00,0.000000000000000000e+00,0.000000000000000000e+00
5.509610247666782534e+00,3.044497577327358151e+00,1.165728386174017084e+00,-1.340405675409579001e+00,0.000000000000000000e+00,0.000000000000000000e+00,0.000000000000000000e+00,0.000000000000000000e+00
5.532471700976603124e+00,3.069986876426742395e+00,9.900237767159997260e-01,-1.593017082095480541e+00,0.000000000000000000e+00,0.000000000000000000e+00,0.000000000000000000e+00,0.000000000000000000e+00
5.555333154286423714e+00,3.090991981829460666e+00,8.327946346539857325e-01,-1.845628488781382082e+00,0.000000000000000000e+00,0.000000000000000000e+00,0.000000000000000000e+00,0.000000000000000000e+00
5.578194607596244303e+00,3.107847502588620081e+00,6.890873064594396080e-01,-2.098239895467283400e+00,0.000000000000000000e+00,0.000000000000000000e+00,0.000000000000000000e+00,0.000000000000000000e+00
5.601056060906064893e+00,3.120888047757328643e+00,5.539481386038258570e-01,-2.350851302153185163e+00,0.000000000000000000e+00,0.000000000000000000e+00,0.000000000000000000e+00,0.000000000000000000e+00
5.623917514215885483e+00,3.130448226388693023e+00,4.224234775586107604e-01,-2.603462708839086481e+00,0.000000000000000000e+00,0.000000000000000000e+00,0.000000000000000000e+00,0.000000000000000000e+00
5.646778967525706072e+00,3.136862647535820336e+00,2.895596697952576015e-01,-2.856074115524987800e+00,0.000000000000000000e+00,0.000000000000000000e+00,0.000000000000000000e+00,0.000000000000000000e+00
5.669640420835526662e+00,3.140465920251817700e+00,1.504030617852323282e-01,-3.108685522210889562e+00,0.000000000000000000e+00,0.000000000000000000e+00,0.000000000000000000e+00,0.000000000000000000e+00
5.692501874145347251e+00,3.141592653589792672e+00,-2.220446049250313081e-16,-3.361296928896790881e+00,0.000000000000000000e+00,0.000000000000000000e+00,0.000000000000000000e+00,0.000000000000000000e+00
